<?xml version="1.0" encoding="UTF-8"?>
<GenRun Id="impl_1" LaunchPart="xc7a35tcpg236-1" LaunchTime="1752766794">
  <File Type="WBT-USG" Name="usage_statistics_webtalk.html"/>
  <File Type="BITSTR-SYSDEF" Name="sseg_mux.sysdef"/>
  <File Type="BITSTR-LTX" Name="debug_nets.ltx"/>
  <File Type="BITSTR-LTX" Name="sseg_mux.ltx"/>
  <File Type="BG-BGN" Name="sseg_mux.bgn"/>
  <File Type="RBD_FILE" Name="sseg_mux.rbd"/>
  <File Type="BG-DRC" Name="sseg_mux.drc"/>
  <File Type="NPI_FILE" Name="sseg_mux.npi"/>
  <File Type="RNPI_FILE" Name="sseg_mux.rnpi"/>
  <File Type="CFI_FILE" Name="sseg_mux.cfi"/>
  <File Type="PDI-FILE" Name="sseg_mux.pdi"/>
  <File Type="BITSTR-MMI" Name="sseg_mux.mmi"/>
  <File Type="BITSTR-BMM" Name="sseg_mux_bd.bmm"/>
  <File Type="BITSTR-NKY" Name="sseg_mux.nky"/>
  <File Type="BITSTR-RBT" Name="sseg_mux.rbt"/>
  <File Type="BITSTR-MSK" Name="sseg_mux.msk"/>
  <File Type="BG-BIN" Name="sseg_mux.bin"/>
  <File Type="RCFI_FILE" Name="sseg_mux.rcfi"/>
  <File Type="BG-BIT" Name="sseg_mux.bit"/>
  <File Type="POSTROUTE-PHYSOPT-BUS-SKEW-RPX" Name="sseg_mux_bus_skew_postroute_physopted.rpx"/>
  <File Type="POSTROUTE-PHYSOPT-BUS-SKEW-PB" Name="sseg_mux_bus_skew_postroute_physopted.pb"/>
  <File Type="POSTROUTE-PHYSOPT-BUS-SKEW" Name="sseg_mux_bus_skew_postroute_physopted.rpt"/>
  <File Type="RDI-RDI" Name="sseg_mux.vdi"/>
  <File Type="POSTROUTE-PHYSOPT-TIMING-RPX" Name="sseg_mux_timing_summary_postroute_physopted.rpx"/>
  <File Type="POSTROUTE-PHYSOPT-TIMING-PB" Name="sseg_mux_timing_summary_postroute_physopted.pb"/>
  <File Type="POSTROUTE-PHYSOPT-TIMING" Name="sseg_mux_timing_summary_postroute_physopted.rpt"/>
  <File Type="POSTROUTE-PHYSOPT-BLACKBOX-DCP" Name="sseg_mux_postroute_physopt_bb.dcp"/>
  <File Type="POSTROUTE-PHYSOPT-DCP" Name="sseg_mux_postroute_physopt.dcp"/>
  <File Type="ROUTE-BUS-SKEW" Name="sseg_mux_bus_skew_routed.rpt"/>
  <File Type="ROUTE-CLK" Name="sseg_mux_clock_utilization_routed.rpt"/>
  <File Type="ROUTE-SIMILARITY" Name="sseg_mux_incremental_reuse_routed.rpt"/>
  <File Type="ROUTE-TIMING-RPX" Name="sseg_mux_timing_summary_routed.rpx"/>
  <File Type="ROUTE-TIMING-PB" Name="sseg_mux_timing_summary_routed.pb"/>
  <File Type="ROUTE-TIMINGSUMMARY" Name="sseg_mux_timing_summary_routed.rpt"/>
  <File Type="ROUTE-STATUS-PB" Name="sseg_mux_route_status.pb"/>
  <File Type="ROUTE-STATUS" Name="sseg_mux_route_status.rpt"/>
  <File Type="ROUTE-PWR-RPX" Name="sseg_mux_power_routed.rpx"/>
  <File Type="ROUTE-PWR-SUM" Name="sseg_mux_power_summary_routed.pb"/>
  <File Type="ROUTE-PWR" Name="sseg_mux_power_routed.rpt"/>
  <File Type="ROUTE-METHODOLOGY-DRC-PB" Name="sseg_mux_methodology_drc_routed.pb"/>
  <File Type="ROUTE-METHODOLOGY-DRC-RPX" Name="sseg_mux_methodology_drc_routed.rpx"/>
  <File Type="ROUTE-METHODOLOGY-DRC" Name="sseg_mux_methodology_drc_routed.rpt"/>
  <File Type="ROUTE-DRC-RPX" Name="sseg_mux_drc_routed.rpx"/>
  <File Type="ROUTE-DRC-PB" Name="sseg_mux_drc_routed.pb"/>
  <File Type="ROUTE-DRC" Name="sseg_mux_drc_routed.rpt"/>
  <File Type="ROUTE-BLACKBOX-DCP" Name="sseg_mux_routed_bb.dcp"/>
  <File Type="ROUTE-DCP" Name="sseg_mux_routed.dcp"/>
  <File Type="ROUTE-ERROR-DCP" Name="sseg_mux_routed_error.dcp"/>
  <File Type="PHYSOPT-TIMING" Name="sseg_mux_timing_summary_physopted.rpt"/>
  <File Type="PHYSOPT-DRC" Name="sseg_mux_drc_physopted.rpt"/>
  <File Type="PHYSOPT-DCP" Name="sseg_mux_physopt.dcp"/>
  <File Type="POSTPLACE-PWROPT-TIMING" Name="sseg_mux_timing_summary_postplace_pwropted.rpt"/>
  <File Type="POSTPLACE-PWROPT-DCP" Name="sseg_mux_postplace_pwropt.dcp"/>
  <File Type="PLACE-TIMING" Name="sseg_mux_timing_summary_placed.rpt"/>
  <File Type="PLACE-PRE-SIMILARITY" Name="sseg_mux_incremental_reuse_pre_placed.rpt"/>
  <File Type="PLACE-SIMILARITY" Name="sseg_mux_incremental_reuse_placed.rpt"/>
  <File Type="PLACE-CTRL" Name="sseg_mux_control_sets_placed.rpt"/>
  <File Type="PLACE-UTIL-PB" Name="sseg_mux_utilization_placed.pb"/>
  <File Type="PLACE-UTIL" Name="sseg_mux_utilization_placed.rpt"/>
  <File Type="PLACE-CLK" Name="sseg_mux_clock_utilization_placed.rpt"/>
  <File Type="PLACE-IO" Name="sseg_mux_io_placed.rpt"/>
  <File Type="PLACE-DCP" Name="sseg_mux_placed.dcp"/>
  <File Type="PWROPT-TIMING" Name="sseg_mux_timing_summary_pwropted.rpt"/>
  <File Type="PWROPT-DRC" Name="sseg_mux_drc_pwropted.rpt"/>
  <File Type="PWROPT-DCP" Name="sseg_mux_pwropt.dcp"/>
  <File Type="OPT-TIMING" Name="sseg_mux_timing_summary_opted.rpt"/>
  <File Type="OPT-HWDEF" Name="sseg_mux.hwdef"/>
  <File Type="OPT-METHODOLOGY-DRC" Name="sseg_mux_methodology_drc_opted.rpt"/>
  <File Type="OPT-DRC" Name="sseg_mux_drc_opted.rpt"/>
  <File Type="OPT-DCP" Name="sseg_mux_opt.dcp"/>
  <File Type="INIT-TIMING" Name="sseg_mux_timing_summary_init.rpt"/>
  <File Type="ROUTE-BUS-SKEW-RPX" Name="sseg_mux_bus_skew_routed.rpx"/>
  <File Type="REPORTS-TCL" Name="sseg_mux_reports.tcl"/>
  <File Type="ROUTE-BUS-SKEW-PB" Name="sseg_mux_bus_skew_routed.pb"/>
  <File Type="PA-TCL" Name="sseg_mux.tcl"/>
  <FileSet Name="sources" Type="DesignSrcs" RelSrcDir="$PSRCDIR/sources_1">
    <Filter Type="Srcs"/>
    <File Path="$PSRCDIR/sources_1/new/state.vhd">
      <FileInfo>
        <Attr Name="UsedIn" Val="synthesis"/>
        <Attr Name="UsedIn" Val="simulation"/>
      </FileInfo>
    </File>
    <File Path="$PSRCDIR/sources_1/new/BCDstoperica.vhd">
      <FileInfo>
        <Attr Name="UsedIn" Val="synthesis"/>
        <Attr Name="UsedIn" Val="simulation"/>
      </FileInfo>
    </File>
    <File Path="$PSRCDIR/sources_1/new/bcd.vhd">
      <FileInfo>
        <Attr Name="UsedIn" Val="synthesis"/>
        <Attr Name="UsedIn" Val="simulation"/>
      </FileInfo>
    </File>
    <File Path="$PSRCDIR/sources_1/new/sseg_mux.vhd">
      <FileInfo>
        <Attr Name="UsedIn" Val="synthesis"/>
        <Attr Name="UsedIn" Val="simulation"/>
      </FileInfo>
    </File>
    <Config>
      <Option Name="DesignMode" Val="RTL"/>
      <Option Name="TopModule" Val="sseg_mux"/>
      <Option Name="TopAutoSet" Val="TRUE"/>
    </Config>
  </FileSet>
  <FileSet Name="constrs_in" Type="Constrs" RelSrcDir="$PSRCDIR/constrs_1">
    <Filter Type="Constrs"/>
    <File Path="$PPRDIR/../../../Downloads/Basys3_Master.xdc">
      <FileInfo>
        <Attr Name="UsedIn" Val="synthesis"/>
        <Attr Name="UsedIn" Val="implementation"/>
      </FileInfo>
    </File>
    <Config>
      <Option Name="ConstrsType" Val="XDC"/>
    </Config>
  </FileSet>
  <FileSet Name="utils" Type="Utils" RelSrcDir="$PSRCDIR/utils_1">
    <Filter Type="Utils"/>
    <Config>
      <Option Name="TopAutoSet" Val="TRUE"/>
    </Config>
  </FileSet>
  <Strategy Version="1" Minor="2">
    <StratHandle Name="Vivado Implementation Defaults" Flow="Vivado Implementation 2019"/>
    <Step Id="init_design"/>
    <Step Id="opt_design"/>
    <Step Id="power_opt_design"/>
    <Step Id="place_design"/>
    <Step Id="post_place_power_opt_design"/>
    <Step Id="phys_opt_design" EnableStepBool="1"/>
    <Step Id="route_design"/>
    <Step Id="post_route_phys_opt_design"/>
    <Step Id="write_bitstream"/>
  </Strategy>
</GenRun>
