<?xml version="1.0" encoding="UTF-8"?>
<GenRun Id="impl_1" LaunchPart="xc7a35tcpg236-1" LaunchTime="1756215137">
  <File Type="WBT-USG" Name="usage_statistics_webtalk.html"/>
  <File Type="BITSTR-SYSDEF" Name="IM.sysdef"/>
  <File Type="BITSTR-LTX" Name="debug_nets.ltx"/>
  <File Type="BITSTR-LTX" Name="IM.ltx"/>
  <File Type="BG-BGN" Name="IM.bgn"/>
  <File Type="RBD_FILE" Name="IM.rbd"/>
  <File Type="BG-DRC" Name="IM.drc"/>
  <File Type="NPI_FILE" Name="IM.npi"/>
  <File Type="RNPI_FILE" Name="IM.rnpi"/>
  <File Type="CFI_FILE" Name="IM.cfi"/>
  <File Type="PDI-FILE" Name="IM.pdi"/>
  <File Type="BITSTR-MMI" Name="IM.mmi"/>
  <File Type="BITSTR-BMM" Name="IM_bd.bmm"/>
  <File Type="BITSTR-NKY" Name="IM.nky"/>
  <File Type="BITSTR-RBT" Name="IM.rbt"/>
  <File Type="BITSTR-MSK" Name="IM.msk"/>
  <File Type="BG-BIN" Name="IM.bin"/>
  <File Type="RCFI_FILE" Name="IM.rcfi"/>
  <File Type="BG-BIT" Name="IM.bit"/>
  <File Type="POSTROUTE-PHYSOPT-BUS-SKEW-RPX" Name="IM_bus_skew_postroute_physopted.rpx"/>
  <File Type="POSTROUTE-PHYSOPT-BUS-SKEW-PB" Name="IM_bus_skew_postroute_physopted.pb"/>
  <File Type="POSTROUTE-PHYSOPT-BUS-SKEW" Name="IM_bus_skew_postroute_physopted.rpt"/>
  <File Type="RDI-RDI" Name="IM.vdi"/>
  <File Type="POSTROUTE-PHYSOPT-TIMING-RPX" Name="IM_timing_summary_postroute_physopted.rpx"/>
  <File Type="POSTROUTE-PHYSOPT-TIMING-PB" Name="IM_timing_summary_postroute_physopted.pb"/>
  <File Type="POSTROUTE-PHYSOPT-TIMING" Name="IM_timing_summary_postroute_physopted.rpt"/>
  <File Type="POSTROUTE-PHYSOPT-BLACKBOX-DCP" Name="IM_postroute_physopt_bb.dcp"/>
  <File Type="POSTROUTE-PHYSOPT-DCP" Name="IM_postroute_physopt.dcp"/>
  <File Type="ROUTE-BUS-SKEW" Name="IM_bus_skew_routed.rpt"/>
  <File Type="ROUTE-CLK" Name="IM_clock_utilization_routed.rpt"/>
  <File Type="ROUTE-SIMILARITY" Name="IM_incremental_reuse_routed.rpt"/>
  <File Type="ROUTE-TIMING-RPX" Name="IM_timing_summary_routed.rpx"/>
  <File Type="ROUTE-TIMING-PB" Name="IM_timing_summary_routed.pb"/>
  <File Type="ROUTE-TIMINGSUMMARY" Name="IM_timing_summary_routed.rpt"/>
  <File Type="ROUTE-STATUS-PB" Name="IM_route_status.pb"/>
  <File Type="ROUTE-STATUS" Name="IM_route_status.rpt"/>
  <File Type="ROUTE-PWR-RPX" Name="IM_power_routed.rpx"/>
  <File Type="ROUTE-PWR-SUM" Name="IM_power_summary_routed.pb"/>
  <File Type="ROUTE-PWR" Name="IM_power_routed.rpt"/>
  <File Type="ROUTE-METHODOLOGY-DRC-PB" Name="IM_methodology_drc_routed.pb"/>
  <File Type="ROUTE-METHODOLOGY-DRC-RPX" Name="IM_methodology_drc_routed.rpx"/>
  <File Type="ROUTE-METHODOLOGY-DRC" Name="IM_methodology_drc_routed.rpt"/>
  <File Type="ROUTE-DRC-RPX" Name="IM_drc_routed.rpx"/>
  <File Type="ROUTE-DRC-PB" Name="IM_drc_routed.pb"/>
  <File Type="ROUTE-DRC" Name="IM_drc_routed.rpt"/>
  <File Type="ROUTE-BLACKBOX-DCP" Name="IM_routed_bb.dcp"/>
  <File Type="ROUTE-DCP" Name="IM_routed.dcp"/>
  <File Type="ROUTE-ERROR-DCP" Name="IM_routed_error.dcp"/>
  <File Type="PHYSOPT-TIMING" Name="IM_timing_summary_physopted.rpt"/>
  <File Type="PHYSOPT-DRC" Name="IM_drc_physopted.rpt"/>
  <File Type="PHYSOPT-DCP" Name="IM_physopt.dcp"/>
  <File Type="POSTPLACE-PWROPT-TIMING" Name="IM_timing_summary_postplace_pwropted.rpt"/>
  <File Type="POSTPLACE-PWROPT-DCP" Name="IM_postplace_pwropt.dcp"/>
  <File Type="PLACE-TIMING" Name="IM_timing_summary_placed.rpt"/>
  <File Type="PLACE-PRE-SIMILARITY" Name="IM_incremental_reuse_pre_placed.rpt"/>
  <File Type="PLACE-SIMILARITY" Name="IM_incremental_reuse_placed.rpt"/>
  <File Type="PLACE-CTRL" Name="IM_control_sets_placed.rpt"/>
  <File Type="PLACE-UTIL-PB" Name="IM_utilization_placed.pb"/>
  <File Type="PLACE-UTIL" Name="IM_utilization_placed.rpt"/>
  <File Type="PLACE-CLK" Name="IM_clock_utilization_placed.rpt"/>
  <File Type="PLACE-IO" Name="IM_io_placed.rpt"/>
  <File Type="PLACE-DCP" Name="IM_placed.dcp"/>
  <File Type="PWROPT-TIMING" Name="IM_timing_summary_pwropted.rpt"/>
  <File Type="PWROPT-DRC" Name="IM_drc_pwropted.rpt"/>
  <File Type="PWROPT-DCP" Name="IM_pwropt.dcp"/>
  <File Type="OPT-TIMING" Name="IM_timing_summary_opted.rpt"/>
  <File Type="OPT-HWDEF" Name="IM.hwdef"/>
  <File Type="OPT-METHODOLOGY-DRC" Name="IM_methodology_drc_opted.rpt"/>
  <File Type="OPT-DRC" Name="IM_drc_opted.rpt"/>
  <File Type="OPT-DCP" Name="IM_opt.dcp"/>
  <File Type="INIT-TIMING" Name="IM_timing_summary_init.rpt"/>
  <File Type="ROUTE-BUS-SKEW-RPX" Name="IM_bus_skew_routed.rpx"/>
  <File Type="REPORTS-TCL" Name="IM_reports.tcl"/>
  <File Type="ROUTE-BUS-SKEW-PB" Name="IM_bus_skew_routed.pb"/>
  <File Type="PA-TCL" Name="IM.tcl"/>
  <FileSet Name="sources" Type="DesignSrcs" RelSrcDir="$PSRCDIR/sources_1">
    <Filter Type="Srcs"/>
    <File Path="$PSRCDIR/sources_1/new/IM_block.vhd">
      <FileInfo>
        <Attr Name="UsedIn" Val="synthesis"/>
        <Attr Name="UsedIn" Val="simulation"/>
      </FileInfo>
    </File>
    <File Path="$PSRCDIR/sources_1/new/control_unit.vhd">
      <FileInfo>
        <Attr Name="UsedIn" Val="synthesis"/>
        <Attr Name="UsedIn" Val="simulation"/>
      </FileInfo>
    </File>
    <File Path="$PSRCDIR/sources_1/new/data_path.vhd">
      <FileInfo>
        <Attr Name="UsedIn" Val="synthesis"/>
        <Attr Name="UsedIn" Val="simulation"/>
      </FileInfo>
    </File>
    <File Path="$PSRCDIR/sources_1/new/reg_file.vhd">
      <FileInfo>
        <Attr Name="UsedIn" Val="synthesis"/>
        <Attr Name="UsedIn" Val="simulation"/>
      </FileInfo>
    </File>
    <File Path="$PSRCDIR/sources_1/new/IM.vhd">
      <FileInfo>
        <Attr Name="UsedIn" Val="synthesis"/>
        <Attr Name="UsedIn" Val="simulation"/>
      </FileInfo>
    </File>
    <Config>
      <Option Name="DesignMode" Val="RTL"/>
      <Option Name="TopModule" Val="IM"/>
      <Option Name="TopAutoSet" Val="TRUE"/>
    </Config>
  </FileSet>
  <FileSet Name="constrs_in" Type="Constrs" RelSrcDir="$PSRCDIR/constrs_1">
    <Filter Type="Constrs"/>
    <File Path="$PSRCDIR/constrs_1/imports/vivado/Basys3_Master.xdc">
      <FileInfo>
        <Attr Name="ImportPath" Val="$PPRDIR/../../Basys3_Master.xdc"/>
        <Attr Name="ImportTime" Val="1752597054"/>
        <Attr Name="UsedIn" Val="synthesis"/>
        <Attr Name="UsedIn" Val="implementation"/>
      </FileInfo>
    </File>
    <Config>
      <Option Name="TargetConstrsFile" Val="$PSRCDIR/constrs_1/imports/vivado/Basys3_Master.xdc"/>
      <Option Name="ConstrsType" Val="XDC"/>
    </Config>
  </FileSet>
  <FileSet Name="utils" Type="Utils" RelSrcDir="$PSRCDIR/utils_1">
    <Filter Type="Utils"/>
    <Config>
      <Option Name="TopAutoSet" Val="TRUE"/>
    </Config>
  </FileSet>
  <Strategy Version="1" Minor="2">
    <StratHandle Name="Vivado Implementation Defaults" Flow="Vivado Implementation 2019"/>
    <Step Id="init_design"/>
    <Step Id="opt_design"/>
    <Step Id="power_opt_design"/>
    <Step Id="place_design"/>
    <Step Id="post_place_power_opt_design"/>
    <Step Id="phys_opt_design" EnableStepBool="1"/>
    <Step Id="route_design"/>
    <Step Id="post_route_phys_opt_design"/>
    <Step Id="write_bitstream"/>
  </Strategy>
</GenRun>
